RouteClass,intercept,Estimate,P.Value
CommExpress,591767.2,55593.6,6.394372044745021e-6
CoreLoc,2466310.33,545862.16,1.4651149610100402e-11
LRT,1732632.9,-69842.85,0.10342678023543161
SuburbLoc,172971.73,-8785.76,0.0596957542946065
SupportLoc,124913.97,2826.32,0.0649832069618473
