.,Estimate,Std.Error,Test.Statistic,P.Value,intercept,RouteClass
CommExpress,55593.59572923926,10252.437177648815,5.4224761162582915,6.394372044745021e-6,591767.201377129,CommExpress
CoreLoc,545862.1641820801,52838.83224150438,10.330700755973762,1.4651149610100402e-11,2466310.3319595456,CoreLoc
LRT,-69842.847372346,40442.69581020632,-1.726958254714566,0.10342678023543161,1732632.903299389,LRT
SuburbLoc,-8785.763396004408,4494.828580300083,-1.9546381444913423,0.0596957542946065,172971.73120614802,SuburbLoc
SupportLoc,2826.317561760379,1477.1894290390444,1.9133074649735222,0.0649832069618473,124913.96775157895,SupportLoc
